timestamp,sum_count,mean_count,mean_temp,mean_humidity,mean_wind_speed
2015-01-04,9234,384.75,2.4791666666666665,94.27083333333333,7.5
2015-01-05,20372,848.8333333333334,8.041666666666666,80.3125,8.854166666666666
2015-01-06,20613,858.875,7.854166666666667,78.89583333333333,16.0
2015-01-07,21064,915.8260869565217,7.456521739130435,78.1086956521739,19.76086956521739
2015-01-08,15601,650.0416666666666,9.75,79.3125,20.479166666666668
2015-01-09,22104,921.0,12.729166666666666,74.85416666666667,32.916666666666664
2015-01-10,14709,612.875,10.479166666666666,66.125,34.3125
2015-01-11,14575,607.2916666666666,6.645833333333333,67.58333333333333,26.5625
2015-01-12,17199,716.625,11.125,76.58333333333333,28.1875
2015-01-13,24697,1029.0416666666667,8.604166666666666,75.8125,21.208333333333332
2015-01-14,23565,981.875,6.5,67.125,25.75
2015-01-15,22968,957.0,8.833333333333334,66.45833333333333,31.166666666666668
2015-01-16,22663,944.2916666666666,5.791666666666667,66.22916666666667,17.458333333333332
2015-01-17,15268,636.1666666666666,3.7916666666666665,75.10416666666667,13.583333333333334
2015-01-18,13199,549.9583333333334,3.3958333333333335,84.33333333333333,6.979166666666667
2015-01-19,23034,959.75,2.4166666666666665,80.0,6.1875
2015-01-20,23247,968.625,2.0625,81.95833333333333,9.166666666666666
2015-01-21,22782,949.25,3.0416666666666665,84.27083333333333,14.729166666666666
2015-01-22,23278,969.9166666666666,2.5833333333333335,74.47916666666667,6.729166666666667
2015-01-23,21892,912.1666666666666,2.7083333333333335,79.41666666666667,12.416666666666666
2015-01-24,17539,730.7916666666666,5.708333333333333,72.72916666666667,18.0625
2015-01-25,15094,628.9166666666666,5.520833333333333,77.375,16.166666666666668
2015-01-26,22710,946.25,8.5625,75.20833333333333,18.958333333333332
2015-01-27,25000,1041.6666666666667,6.958333333333333,72.375,15.291666666666666
2015-01-28,21536,897.3333333333334,6.979166666666667,71.02083333333333,29.145833333333332
2015-01-29,21275,886.4583333333334,3.7708333333333335,73.52083333333333,26.5625
2015-01-30,21171,882.125,3.9791666666666665,77.08333333333333,17.479166666666668
2015-01-31,10250,427.0833333333333,3.4166666666666665,77.91666666666667,20.125
2015-02-01,11305,471.0416666666667,3.7916666666666665,67.0,24.770833333333332
2015-02-02,21640,901.6666666666666,1.25,64.85416666666667,12.625
2015-02-03,19869,827.875,2.1666666666666665,85.5,11.833333333333334
2015-02-04,21850,910.4166666666666,2.875,80.6875,14.125
2015-02-05,21200,883.3333333333334,2.8958333333333335,78.10416666666667,16.020833333333332
2015-02-06,20955,873.125,2.6875,69.85416666666667,19.270833333333332
2015-02-07,13149,547.875,3.75,83.02083333333333,11.3125
2015-02-08,15778,657.4166666666666,5.4375,76.20833333333333,10.25
2015-02-09,23858,994.0833333333334,5.708333333333333,81.4375,9.208333333333334
2015-02-10,23559,1024.304347826087,5.5,79.6086956521739,6.478260869565218
2015-02-11,23680,986.6666666666666,5.041666666666667,77.4375,7.645833333333333
2015-02-12,23227,967.7916666666666,3.9791666666666665,73.125,7.208333333333333
2015-02-13,17699,737.4583333333334,6.979166666666667,84.54166666666667,17.8125
2015-02-14,14423,600.9583333333334,7.3125,88.6875,12.375
2015-02-15,16952,706.3333333333334,6.6875,86.16666666666667,7.333333333333333
2015-02-16,16381,682.5416666666666,6.041666666666667,89.70833333333333,9.75
2015-02-17,25064,1044.3333333333333,5.854166666666667,68.70833333333333,12.1875
2015-02-18,25132,1047.1666666666667,6.395833333333333,71.27083333333333,15.166666666666666
2015-02-19,16898,704.0833333333334,7.270833333333333,81.5,21.125
2015-02-20,20715,863.125,6.645833333333333,81.33333333333333,9.416666666666666
2015-02-21,16198,674.9166666666666,4.8125,76.33333333333333,16.208333333333332
2015-02-22,9086,378.5833333333333,5.125,80.91666666666667,21.25
2015-02-23,21764,906.8333333333334,6.9375,66.85416666666667,25.875
2015-02-24,23688,987.0,7.1875,66.14583333333333,27.0
2015-02-25,21592,899.6666666666666,9.083333333333334,77.3125,11.104166666666666
2015-02-26,20036,834.8333333333334,9.25,81.72916666666667,16.916666666666668
2015-02-27,24367,1015.2916666666666,5.9375,66.27083333333333,14.3125
2015-02-28,13529,563.7083333333334,8.6875,83.58333333333333,23.083333333333332
2015-03-01,15641,651.7083333333334,9.1875,66.6875,29.583333333333332
2015-03-02,22258,927.4166666666666,6.0625,62.8125,28.3125
2015-03-03,23845,993.5416666666666,6.583333333333333,64.1875,23.041666666666668
2015-03-04,24485,1020.2083333333334,6.6875,64.66666666666667,20.208333333333332
2015-03-05,24896,1037.3333333333333,7.5,65.27083333333333,16.6875
2015-03-06,25337,1055.7083333333333,9.104166666666666,63.291666666666664,17.520833333333332
2015-03-07,27365,1140.2083333333333,11.041666666666666,64.3125,18.395833333333332
2015-03-08,20017,834.0416666666666,10.041666666666666,78.85416666666667,14.229166666666666
2015-03-09,24037,1001.5416666666666,8.354166666666666,82.83333333333333,14.3125
2015-03-10,27674,1153.0833333333333,8.916666666666666,65.45833333333333,10.625
2015-03-11,27419,1142.4583333333333,8.75,73.72916666666667,11.229166666666666
2015-03-12,28131,1172.125,10.0,56.208333333333336,13.583333333333334
2015-03-13,25700,1070.8333333333333,8.5,61.270833333333336,17.770833333333332
2015-03-14,18101,754.2083333333334,6.145833333333333,66.97916666666667,17.958333333333332
2015-03-15,10662,444.25,6.3125,82.20833333333333,16.3125
2015-03-16,19824,826.0,7.0,81.77083333333333,13.6875
2015-03-17,25780,1074.1666666666667,8.479166666666666,85.875,10.208333333333334
2015-03-18,26439,1101.625,6.895833333333333,80.0625,12.208333333333334
2015-03-19,24077,1003.2083333333334,7.25,79.14583333333333,15.083333333333334
2015-03-20,25226,1051.0833333333333,7.541666666666667,75.47916666666667,9.854166666666666
2015-03-21,16116,671.5,7.625,72.04166666666667,16.479166666666668
2015-03-22,18618,775.75,5.854166666666667,67.72916666666667,12.395833333333334
2015-03-23,25592,1066.3333333333333,8.0,66.16666666666667,11.916666666666666
2015-03-24,24083,1003.4583333333334,7.541666666666667,69.8125,9.354166666666666
2015-03-25,25672,1069.6666666666667,6.208333333333333,67.08333333333333,7.9375
2015-03-26,20305,846.0416666666666,8.416666666666666,70.375,20.833333333333332
2015-03-27,26348,1097.8333333333333,8.833333333333334,60.5,15.729166666666666
2015-03-28,18986,791.0833333333334,11.5625,80.125,22.895833333333332
2015-03-29,8592,373.5652173913044,11.304347826086957,77.44565217391305,30.77173913043478
2015-03-30,22106,921.0833333333334,9.625,64.5625,26.333333333333332
2015-03-31,22602,1130.1,10.85,55.15,41.9
2015-04-01,23539,980.7916666666666,8.5,59.854166666666664,31.708333333333332
2015-04-02,22682,945.0833333333334,9.0625,66.35416666666667,14.8125
2015-04-03,11298,470.75,9.395833333333334,88.08333333333333,7.916666666666667
2015-04-04,12864,559.304347826087,8.869565217391305,77.69565217391305,12.26086956521739
2015-04-05,19369,807.0416666666666,8.791666666666666,71.125,7.020833333333333
2015-04-06,25439,1059.9583333333333,9.25,73.58333333333333,13.354166666666666
2015-04-07,29441,1226.7083333333333,11.083333333333334,68.0625,6.604166666666667
2015-04-08,30643,1276.7916666666667,11.75,73.95833333333333,11.020833333333334
2015-04-09,31520,1313.3333333333333,10.5,79.3125,10.5625
2015-04-10,32052,1335.5,13.041666666666666,68.0,11.916666666666666
2015-04-11,25113,1046.375,11.625,58.916666666666664,21.6875
2015-04-12,29204,1216.8333333333333,11.791666666666666,58.645833333333336,20.208333333333332
2015-04-13,28048,1168.6666666666667,11.604166666666666,68.77083333333333,9.729166666666666
2015-04-14,34519,1438.2916666666667,15.645833333333334,60.770833333333336,17.166666666666668
2015-04-15,37470,1561.25,17.541666666666668,51.895833333333336,14.0625
2015-04-16,30489,1270.375,11.6875,66.95833333333333,19.625
2015-04-17,29796,1241.5,10.583333333333334,63.625,23.645833333333332
2015-04-18,29595,1233.125,9.645833333333334,63.875,22.583333333333332
2015-04-19,19736,822.3333333333334,8.416666666666666,67.8125,11.604166666666666
2015-04-20,32057,1335.7083333333333,11.0625,64.4375,13.854166666666666
2015-04-21,34908,1454.5,11.375,61.604166666666664,12.75
2015-04-22,32381,1349.2083333333333,10.395833333333334,72.47916666666667,16.854166666666668
2015-04-23,32773,1365.5416666666667,10.395833333333334,71.66666666666667,13.208333333333334
2015-04-24,32102,1337.5833333333333,13.020833333333334,68.64583333333333,14.166666666666666
2015-04-25,25194,1049.75,14.145833333333334,75.14583333333333,18.395833333333332
2015-04-26,19427,809.4583333333334,9.645833333333334,83.33333333333333,11.1875
2015-04-27,30489,1270.375,9.270833333333334,55.583333333333336,10.479166666666666
2015-04-28,31783,1324.2916666666667,9.708333333333334,53.479166666666664,23.041666666666668
2015-04-29,26030,1084.5833333333333,9.854166666666666,71.3125,18.645833333333332
2015-04-30,31621,1317.5416666666667,10.75,57.75,18.291666666666668
2015-05-01,29579,1232.4583333333333,9.083333333333334,64.25,18.875
2015-05-02,22231,926.2916666666666,9.75,74.52083333333333,21.0625
2015-05-03,21165,881.875,14.5625,80.375,21.75
2015-05-04,26795,1116.4583333333333,14.604166666666666,67.20833333333333,18.8125
2015-05-05,26488,1103.6666666666667,14.645833333333334,69.35416666666667,31.041666666666668
2015-05-06,24438,1018.25,12.5,70.54166666666667,32.166666666666664
2015-05-07,31144,1297.6666666666667,13.166666666666666,62.3125,19.625
2015-05-08,26878,1119.9166666666667,13.083333333333334,71.16666666666667,12.104166666666666
2015-05-09,27810,1158.75,14.8125,59.395833333333336,26.270833333333332
2015-05-10,32226,1342.75,14.770833333333334,66.58333333333333,13.6875
2015-05-11,33719,1404.9583333333333,17.333333333333332,64.52083333333333,17.25
2015-05-12,33820,1409.1666666666667,14.5625,53.416666666666664,23.229166666666668
2015-05-13,36699,1529.125,13.75,56.479166666666664,11.666666666666666
2015-05-14,15609,650.375,9.895833333333334,84.95833333333333,21.375
2015-05-15,32343,1347.625,11.791666666666666,69.54166666666667,14.0625
2015-05-16,32526,1355.25,15.145833333333334,59.875,19.916666666666668
2015-05-17,31323,1305.125,13.583333333333334,56.395833333333336,17.166666666666668
2015-05-18,24288,1012.0,12.416666666666666,68.29166666666667,25.104166666666668
2015-05-19,28331,1180.4583333333333,10.916666666666666,63.125,24.270833333333332
2015-05-20,30534,1272.25,11.520833333333334,61.1875,18.6875
2015-05-21,34833,1451.375,14.625,53.020833333333336,15.75
2015-05-22,33435,1393.125,15.6875,65.70833333333333,13.666666666666666
2015-05-23,23849,993.7083333333334,14.666666666666666,68.9375,15.020833333333334
2015-05-24,30018,1250.75,15.791666666666666,64.3125,11.479166666666666
2015-05-25,29502,1229.25,13.75,60.875,13.604166666666666
2015-05-26,34809,1450.375,14.916666666666666,60.0625,14.604166666666666
2015-05-27,36407,1516.9583333333333,14.791666666666666,56.416666666666664,16.6875
2015-05-28,34387,1432.7916666666667,15.041666666666666,49.9375,23.208333333333332
2015-05-29,26023,1084.2916666666667,12.375,64.04166666666667,22.208333333333332
2015-05-30,29206,1216.9166666666667,13.083333333333334,57.770833333333336,17.833333333333332
2015-05-31,14998,624.9166666666666,13.854166666666666,72.875,22.333333333333332
2015-06-01,27864,1161.0,12.104166666666666,62.833333333333336,23.645833333333332
2015-06-02,27939,1164.125,15.666666666666666,75.02083333333333,33.520833333333336
2015-06-03,35377,1474.0416666666667,16.125,53.0625,17.583333333333332
2015-06-04,39451,1643.7916666666667,17.0,56.333333333333336,12.854166666666666
2015-06-05,34563,1645.857142857143,19.833333333333332,63.5,19.452380952380953
2015-06-06,32820,1367.5,15.270833333333334,51.1875,23.791666666666668
2015-06-07,35407,1475.2916666666667,15.0,55.979166666666664,12.520833333333334
2015-06-08,32587,1357.7916666666667,13.604166666666666,63.854166666666664,13.541666666666666
2015-06-09,33255,1385.625,12.041666666666666,59.1875,21.020833333333332
2015-06-10,35707,1487.7916666666667,13.979166666666666,57.833333333333336,21.958333333333332
2015-06-11,38808,1617.0,16.8125,63.104166666666664,20.416666666666668
2015-06-12,35172,1465.5,18.75,69.58333333333333,12.208333333333334
2015-06-13,30298,1262.4166666666667,17.458333333333332,77.35416666666667,18.333333333333332
2015-06-14,25235,1051.4583333333333,14.854166666666666,78.5,13.145833333333334
2015-06-15,34558,1439.9166666666667,14.270833333333334,64.70833333333333,16.875
2015-06-16,37923,1580.125,17.041666666666668,58.541666666666664,8.125
2015-06-17,38591,1607.9583333333333,19.645833333333332,65.54166666666667,21.916666666666668
2015-06-18,38687,1611.9583333333333,17.875,57.25,18.083333333333332
2015-06-19,35966,1498.5833333333333,16.354166666666668,58.541666666666664,16.020833333333332
2015-06-20,26295,1095.625,16.645833333333332,74.8125,9.75
2015-06-21,30393,1266.375,17.458333333333332,62.6875,23.041666666666668
2015-06-22,29557,1231.5416666666667,14.6875,70.85416666666667,20.916666666666668
2015-06-23,37472,1561.3333333333333,15.8125,60.4375,14.104166666666666
2015-06-24,38940,1622.5,18.625,57.208333333333336,16.083333333333332
2015-06-25,38673,1611.375,19.645833333333332,56.979166666666664,13.541666666666666
2015-06-26,37019,1542.4583333333333,20.604166666666668,55.25,15.916666666666666
2015-06-27,36581,1524.2083333333333,19.541666666666668,57.354166666666664,17.0
2015-06-28,25706,1071.0833333333333,19.125,64.25,15.333333333333334
2015-06-29,39082,1628.4166666666667,20.583333333333332,54.645833333333336,13.416666666666666
2015-06-30,43326,1805.25,22.375,50.354166666666664,14.895833333333334
2015-07-01,42641,1776.7083333333333,27.375,50.979166666666664,17.3125
2015-07-02,38262,1594.25,22.291666666666668,64.5625,15.208333333333334
2015-07-03,39611,1650.4583333333333,19.916666666666668,63.666666666666664,17.458333333333332
2015-07-04,38283,1595.125,22.229166666666668,66.16666666666667,17.4375
2015-07-05,29716,1238.1666666666667,18.645833333333332,64.66666666666667,13.729166666666666
2015-07-06,38620,1609.1666666666667,18.979166666666668,58.979166666666664,15.479166666666666
2015-07-07,37908,1579.5,19.458333333333332,58.125,21.520833333333332
2015-07-08,41703,1737.625,17.8125,62.4375,23.833333333333332
2015-07-09,72504,3021.0,17.791666666666668,48.979166666666664,12.979166666666666
2015-07-10,42779,1782.4583333333333,20.833333333333332,47.229166666666664,12.854166666666666
2015-07-11,42091,1753.7916666666667,21.375,54.229166666666664,17.416666666666668
2015-07-12,23240,968.3333333333334,18.520833333333332,75.47916666666667,21.6875
2015-07-13,26920,1170.4347826086957,18.956521739130434,81.45652173913044,20.043478260869566
2015-07-14,35348,1472.8333333333333,19.416666666666668,76.64583333333333,15.979166666666666
2015-07-15,34574,1440.5833333333333,19.645833333333332,76.91666666666667,12.0
2015-07-16,39306,1637.75,19.916666666666668,65.47916666666667,22.041666666666668
2015-07-17,38505,1604.375,20.4375,62.708333333333336,19.958333333333332
2015-07-18,38491,1603.7916666666667,18.708333333333332,53.958333333333336,17.583333333333332
2015-07-19,36693,1528.875,20.0,49.291666666666664,18.979166666666668
2015-07-20,27163,1293.4761904761904,19.142857142857142,77.88095238095238,13.357142857142858
2015-07-21,40696,1695.6666666666667,20.395833333333332,58.354166666666664,22.395833333333332
2015-07-22,37915,1579.7916666666667,19.333333333333332,60.958333333333336,17.75
2015-07-23,39092,1628.8333333333333,18.166666666666668,56.520833333333336,13.5625
2015-07-24,16034,668.0833333333334,15.854166666666666,75.41666666666667,11.458333333333334
2015-07-25,32608,1358.6666666666667,16.6875,61.708333333333336,19.916666666666668
2015-07-26,12398,516.5833333333334,15.458333333333334,77.625,16.25
2015-07-27,31904,1329.3333333333333,17.770833333333332,67.1875,28.208333333333332
2015-07-28,36101,1504.2083333333333,17.125,58.791666666666664,27.854166666666668
2015-07-29,36761,1531.7083333333333,15.833333333333334,60.895833333333336,19.666666666666668
2015-07-30,36145,1506.0416666666667,15.9375,60.208333333333336,14.854166666666666
2015-07-31,36675,1528.125,16.958333333333332,58.645833333333336,8.1875
2015-08-01,43017,1792.375,17.666666666666668,55.6875,12.604166666666666
2015-08-02,43295,1803.9583333333333,19.791666666666668,57.770833333333336,12.5
2015-08-03,35402,1475.0833333333333,19.833333333333332,68.25,17.625
2015-08-04,37644,1568.5,18.270833333333332,61.0,22.916666666666668
2015-08-05,38770,1615.4166666666667,18.375,64.5625,11.0625
2015-08-06,63468,2644.5,19.4375,67.70833333333333,14.895833333333334
2015-08-07,39486,1645.25,19.520833333333332,62.708333333333336,8.958333333333334
2015-08-08,38993,1624.7083333333333,19.729166666666668,69.4375,11.041666666666666
2015-08-09,40441,1685.0416666666667,21.25,55.8125,12.270833333333334
2015-08-10,35335,1472.2916666666667,20.333333333333332,74.02083333333333,18.104166666666668
2015-08-11,34318,1429.9166666666667,18.3125,64.5625,7.4375
2015-08-12,36548,1522.8333333333333,18.541666666666668,70.39583333333333,16.770833333333332
2015-08-13,25974,1082.25,18.9375,83.89583333333333,15.145833333333334
2015-08-14,25419,1059.125,19.020833333333332,85.60416666666667,12.541666666666666
2015-08-15,33739,1405.7916666666667,17.583333333333332,63.291666666666664,13.5
2015-08-16,30616,1275.6666666666667,16.8125,63.416666666666664,7.0
2015-08-17,35695,1487.2916666666667,17.8125,55.770833333333336,9.666666666666666
2015-08-18,34530,1438.75,17.625,59.520833333333336,16.145833333333332
2015-08-19,31640,1318.3333333333333,17.9375,68.5,15.083333333333334
2015-08-20,32554,1356.4166666666667,19.041666666666668,81.375,13.8125
2015-08-21,35882,1495.0833333333333,22.104166666666668,68.91666666666667,14.5625
2015-08-22,44187,1841.125,23.208333333333332,62.770833333333336,12.291666666666666
2015-08-23,27001,1125.0416666666667,19.5,68.0,16.854166666666668
2015-08-24,17400,725.0,15.833333333333334,87.45833333333333,13.375
2015-08-25,28152,1173.0,16.208333333333332,79.33333333333333,20.104166666666668
2015-08-26,23738,989.0833333333334,18.25,80.72916666666667,21.979166666666668
2015-08-27,30528,1272.0,16.770833333333332,73.04166666666667,17.5
2015-08-28,32950,1372.9166666666667,16.958333333333332,66.9375,15.8125
2015-08-29,22618,942.4166666666666,18.291666666666668,72.72916666666667,7.770833333333333
2015-08-30,24972,1040.5,17.833333333333332,80.3125,10.479166666666666
2015-08-31,9639,401.625,15.479166666666666,89.54166666666667,10.4375
2015-09-01,25556,1064.8333333333333,15.479166666666666,79.83333333333333,9.5
2015-09-02,30180,1257.5,14.6875,73.25,10.229166666666666
2015-09-03,30950,1289.5833333333333,13.9375,68.75,12.958333333333334
2015-09-04,29709,1237.875,14.291666666666666,65.33333333333333,13.125
2015-09-05,22317,929.875,13.4375,71.47916666666667,11.291666666666666
2015-09-06,29429,1226.2083333333333,14.125,64.70833333333333,9.8125
2015-09-07,31692,1320.5,14.333333333333334,72.16666666666667,9.8125
2015-09-08,32781,1365.875,14.145833333333334,73.375,8.375
2015-09-09,33116,1379.8333333333333,15.8125,71.64583333333333,14.083333333333334
2015-09-10,35734,1488.9166666666667,16.1875,71.83333333333333,15.0
2015-09-11,33190,1508.6363636363637,16.568181818181817,71.95454545454545,16.84090909090909
2015-09-12,27023,1501.2777777777778,18.27777777777778,63.80555555555556,17.52777777777778
2015-09-13,26166,1090.25,14.020833333333334,73.0,10.958333333333334
2015-09-14,25811,1075.4583333333333,14.5,78.77083333333333,18.625
2015-09-15,28066,1169.4166666666667,14.25,74.95833333333333,18.0
2015-09-16,18653,777.2083333333334,13.75,89.66666666666667,13.416666666666666
2015-09-17,32075,1336.4583333333333,14.791666666666666,72.75,16.6875
2015-09-18,29829,1242.875,15.0625,78.39583333333333,9.5
2015-09-19,31826,1383.7391304347825,15.195652173913043,70.95652173913044,6.978260869565218
2015-09-20,31141,1297.5416666666667,15.416666666666666,73.66666666666667,11.354166666666666
2015-09-21,23676,986.5,14.708333333333334,83.5625,13.458333333333334
2015-09-22,20434,851.4166666666666,12.416666666666666,83.14583333333333,12.5625
2015-09-23,33977,1415.7083333333333,14.125,71.45833333333333,18.291666666666668
2015-09-24,29396,1224.8333333333333,15.583333333333334,71.6875,19.9375
2015-09-25,34783,1449.2916666666667,13.729166666666666,67.52083333333333,10.729166666666666
2015-09-26,32636,1359.8333333333333,13.1875,68.9375,8.5
2015-09-27,29817,1242.375,13.645833333333334,72.58333333333333,11.645833333333334
2015-09-28,33138,1380.75,13.979166666666666,74.1875,14.916666666666666
2015-09-29,34436,1434.8333333333333,14.75,70.10416666666667,16.354166666666668
2015-09-30,34941,1455.875,14.3125,68.16666666666667,17.020833333333332
2015-10-01,34562,1440.0833333333333,14.25,71.875,15.770833333333334
2015-10-02,35503,1479.2916666666667,13.6875,73.3125,10.729166666666666
2015-10-03,28956,1206.5,12.666666666666666,81.22916666666667,5.708333333333333
2015-10-04,29884,1245.1666666666667,13.333333333333334,72.83333333333333,9.854166666666666
2015-10-05,20741,864.2083333333334,15.895833333333334,87.9375,13.75
2015-10-06,25892,1078.8333333333333,16.645833333333332,87.22916666666667,12.416666666666666
2015-10-07,28629,1192.875,14.875,81.9375,19.083333333333332
2015-10-08,33676,1403.1666666666667,12.395833333333334,72.83333333333333,8.416666666666666
2015-10-09,32006,1391.5652173913043,12.565217391304348,76.76086956521739,6.913043478260869
2015-10-10,29416,1225.6666666666667,13.0,81.3125,11.125
2015-10-11,27796,1158.1666666666667,12.291666666666666,72.5625,13.208333333333334
2015-10-12,31292,1303.8333333333333,11.270833333333334,70.08333333333333,10.0
2015-10-13,20114,1117.4444444444443,10.583333333333334,73.41666666666667,14.527777777777779
2015-10-14,30579,1274.125,10.479166666666666,75.04166666666667,13.5
2015-10-15,30874,1286.4166666666667,11.229166666666666,77.875,13.145833333333334
2015-10-16,30075,1253.125,12.5,78.5625,16.479166666666668
2015-10-17,24327,1013.625,12.0625,76.75,13.75
2015-10-18,23070,961.25,13.041666666666666,79.72916666666667,9.145833333333334
2015-10-19,29952,1248.0,12.729166666666666,79.1875,7.375
2015-10-20,32718,1363.25,11.541666666666666,75.52083333333333,8.020833333333334
2015-10-21,18922,788.4166666666666,12.5,88.4375,15.520833333333334
2015-10-22,30326,1263.5833333333333,13.979166666666666,69.91666666666667,16.916666666666668
2015-10-23,30273,1261.375,12.875,65.5,7.520833333333333
2015-10-24,16876,703.1666666666666,12.729166666666666,77.75,10.791666666666666
2015-10-25,23133,1005.7826086956521,9.0,75.69565217391305,8.507246376811594
2015-10-26,30364,1265.1666666666667,11.708333333333334,85.91666666666667,13.5625
2015-10-27,32436,1351.5,14.395833333333334,84.95833333333333,12.229166666666666
2015-10-28,23881,995.0416666666666,13.583333333333334,84.77083333333333,10.875
2015-10-29,27339,1139.125,13.416666666666666,87.79166666666667,13.395833333333334
2015-10-30,23970,998.75,14.6875,82.04166666666667,13.583333333333334
2015-10-31,27464,1144.3333333333333,12.375,87.89583333333333,9.75
2015-11-01,22848,952.0,9.208333333333334,97.6875,5.208333333333333
2015-11-02,28033,1168.0416666666667,10.5,95.0,9.166666666666666
2015-11-03,30710,1279.5833333333333,11.895833333333334,88.625,9.041666666666666
2015-11-04,23462,977.5833333333334,13.479166666666666,88.54166666666667,8.395833333333334
2015-11-05,24503,1020.9583333333334,15.166666666666666,87.4375,14.333333333333334
2015-11-06,25431,1059.625,16.229166666666668,84.8125,18.125
2015-11-07,14881,620.0416666666666,15.770833333333334,83.64583333333333,22.895833333333332
2015-11-08,18754,781.4166666666666,14.166666666666666,85.47916666666667,16.291666666666668
2015-11-09,28474,1186.4166666666667,13.875,73.97916666666667,27.041666666666668
2015-11-10,29206,1216.9166666666667,15.75,81.47916666666667,22.9375
2015-11-11,29899,1245.7916666666667,14.770833333333334,71.70833333333333,20.333333333333332
2015-11-12,28962,1206.75,14.25,81.1875,17.229166666666668
2015-11-13,25252,1052.1666666666667,10.666666666666666,66.0,27.9375
2015-11-14,8898,370.75,11.25,81.29166666666667,23.333333333333332
2015-11-15,17594,733.0833333333334,15.520833333333334,72.47916666666667,34.0625
2015-11-16,26507,1104.4583333333333,13.645833333333334,73.625,21.875
2015-11-17,22768,1034.909090909091,14.772727272727273,77.38636363636364,29.204545454545453
2015-11-18,25926,1440.3333333333333,14.027777777777779,69.5,31.666666666666668
2015-11-19,23695,987.2916666666666,11.583333333333334,80.0,21.520833333333332
2015-11-20,25788,1074.5,9.0625,67.5,22.3125
2015-11-21,12751,531.2916666666666,4.375,68.02083333333333,26.25
2015-11-22,13118,546.5833333333334,3.5208333333333335,74.66666666666667,10.666666666666666
2015-11-23,23908,996.1666666666666,5.041666666666667,74.95833333333333,11.145833333333334
2015-11-24,21175,882.2916666666666,9.041666666666666,83.70833333333333,19.916666666666668
2015-11-25,26000,1083.3333333333333,8.9375,76.66666666666667,16.166666666666668
2015-11-26,26626,1109.4166666666667,9.395833333333334,86.3125,7.541666666666667
2015-11-27,23517,979.875,11.291666666666666,83.66666666666667,20.729166666666668
2015-11-28,16336,680.6666666666666,8.125,69.8125,27.25
2015-11-29,11392,474.6666666666667,12.041666666666666,72.04166666666667,34.083333333333336
2015-11-30,20918,909.4782608695652,12.021739130434783,77.52173913043478,26.065217391304348
2015-12-01,26559,1106.625,13.041666666666666,74.3125,20.25
2015-12-02,27789,1157.875,13.020833333333334,72.47916666666667,20.75
2015-12-03,25899,1079.125,12.916666666666666,76.9375,21.125
2015-12-04,25956,1081.5,11.041666666666666,70.27083333333333,25.0625
2015-12-05,16511,687.9583333333334,12.645833333333334,66.27083333333333,36.833333333333336
2015-12-06,15478,644.9166666666666,13.4375,80.27083333333333,23.145833333333332
2015-12-07,25734,1072.25,13.3125,81.54166666666667,14.479166666666666
2015-12-08,23430,976.25,12.270833333333334,73.75,20.75
2015-12-09,27562,1148.4166666666667,9.583333333333334,73.89583333333333,18.270833333333332
2015-12-10,23115,963.125,11.541666666666666,77.89583333333333,22.4375
2015-12-11,23259,969.125,10.083333333333334,76.04166666666667,20.375
2015-12-12,15815,790.75,11.675,73.075,23.375
2015-12-13,12291,512.125,8.4375,91.35416666666667,10.25
2015-12-14,23835,993.125,9.208333333333334,84.97916666666667,9.729166666666666
2015-12-15,20201,841.7083333333334,11.458333333333334,92.25,10.708333333333334
2015-12-16,25558,1064.9166666666667,14.479166666666666,81.6875,20.458333333333332
2015-12-17,25804,1075.1666666666667,14.3125,72.45833333333333,18.9375
2015-12-18,25730,1072.0833333333333,13.104166666666666,79.04166666666667,17.1875
2015-12-19,18754,781.4166666666666,15.375,74.54166666666667,22.333333333333332
2015-12-20,13060,544.1666666666666,12.770833333333334,74.29166666666667,20.375
2015-12-21,18136,755.6666666666666,10.875,77.54166666666667,22.604166666666668
2015-12-22,17458,727.4166666666666,14.1875,80.66666666666667,31.395833333333332
2015-12-23,18451,768.7916666666666,11.354166666666666,69.04166666666667,23.166666666666668
2015-12-24,8908,371.1666666666667,10.916666666666666,68.3125,25.5625
2015-12-25,22423,934.2916666666666,11.270833333333334,79.4375,18.041666666666668
2015-12-26,10230,426.25,14.729166666666666,74.08333333333333,27.416666666666668
2015-12-27,9378,390.75,14.333333333333334,81.14583333333333,22.0
2015-12-28,13732,572.1666666666666,11.729166666666666,73.41666666666667,15.041666666666666
2015-12-29,15592,649.6666666666666,11.75,74.52083333333333,17.208333333333332
2015-12-30,12301,512.5416666666666,12.583333333333334,69.375,25.083333333333332
2015-12-31,13889,578.7083333333334,9.520833333333334,69.3125,23.395833333333332
2016-01-01,9797,408.2083333333333,6.5,82.5,16.729166666666668
2016-01-02,7195,299.7916666666667,10.5,87.02083333333333,21.604166666666668
2016-01-03,4869,202.875,8.645833333333334,83.5,16.1875
2016-01-04,20533,855.5416666666666,8.875,82.5625,12.5
2016-01-05,22805,950.2083333333334,8.979166666666666,85.66666666666667,8.4375
2016-01-06,23038,959.9166666666666,7.041666666666667,90.29166666666667,6.541666666666667
2016-01-07,18083,753.4583333333334,7.958333333333333,76.0625,24.229166666666668
2016-01-08,20762,865.0833333333334,7.354166666666667,77.9375,12.645833333333334
2016-01-09,11583,482.625,9.666666666666666,81.3125,18.041666666666668
2016-01-10,14320,596.6666666666666,7.25,75.375,18.916666666666668
2016-01-11,21092,878.8333333333334,7.041666666666667,82.60416666666667,16.520833333333332
2016-01-12,22799,949.9583333333334,6.1875,77.95833333333333,27.8125
2016-01-13,24586,1024.4166666666667,5.833333333333333,71.47916666666667,18.104166666666668
2016-01-14,22186,924.4166666666666,4.479166666666667,73.02083333333333,25.9375
2016-01-15,22446,935.25,4.0,70.02083333333333,21.4375
2016-01-16,16091,670.4583333333334,3.1041666666666665,75.625,9.5625
2016-01-17,11762,490.0833333333333,2.9583333333333335,80.3125,9.0625
2016-01-18,22762,948.4166666666666,2.9375,75.375,11.4375
2016-01-19,23819,992.4583333333334,1.3125,68.52083333333333,2.7708333333333335
2016-01-20,23800,991.6666666666666,1.5625,77.41666666666667,5.416666666666667
2016-01-21,23378,974.0833333333334,3.6875,76.58333333333333,10.458333333333334
2016-01-22,18328,763.6666666666666,8.0625,79.89583333333333,15.354166666666666
2016-01-23,17218,717.4166666666666,8.666666666666666,83.6875,13.6875
2016-01-24,16360,681.6666666666666,12.4375,88.125,14.979166666666666
2016-01-25,25724,1071.8333333333333,12.1875,72.375,19.791666666666668
2016-01-26,20224,842.6666666666666,10.1875,80.33333333333333,27.208333333333332
2016-01-27,21708,904.5,12.083333333333334,80.10416666666667,30.541666666666668
2016-01-28,25324,1055.1666666666667,7.875,65.64583333333333,22.270833333333332
2016-01-29,22526,938.5833333333334,11.791666666666666,77.9375,33.791666666666664
2016-01-30,16381,682.5416666666666,8.270833333333334,67.85416666666667,27.041666666666668
2016-01-31,11019,459.125,10.041666666666666,79.16666666666667,22.5
2016-02-01,23606,983.5833333333334,12.770833333333334,68.125,34.9375
2016-02-02,24514,1021.4166666666666,9.0,61.1875,30.0625
2016-02-03,24436,1018.1666666666666,6.229166666666667,68.20833333333333,22.125
2016-02-04,25154,1048.0833333333333,10.291666666666666,76.70833333333333,21.979166666666668
2016-02-05,22597,941.5416666666666,10.854166666666666,78.9375,22.333333333333332
2016-02-06,13126,546.9166666666666,11.041666666666666,75.75,31.083333333333332
2016-02-07,14025,609.7826086956521,8.23913043478261,71.0,27.41304347826087
2016-02-08,19497,1083.1666666666667,8.833333333333334,63.166666666666664,41.388888888888886
2016-02-09,23308,971.1666666666666,6.333333333333333,68.25,21.375
2016-02-10,23626,984.4166666666666,6.604166666666667,71.83333333333333,18.708333333333332
2016-02-11,25186,1049.4166666666667,5.208333333333333,72.625,9.0625
2016-02-12,22819,950.7916666666666,4.75,83.91666666666667,13.041666666666666
2016-02-13,9869,411.2083333333333,4.25,85.5625,18.4375
2016-02-14,13697,570.7083333333334,4.4375,72.875,15.979166666666666
2016-02-15,21789,907.875,3.6666666666666665,75.45833333333333,16.3125
2016-02-16,24386,1016.0833333333334,3.6666666666666665,76.45833333333333,9.25
2016-02-17,19034,793.0833333333334,4.8125,76.52083333333333,12.375
2016-02-18,23517,979.875,5.270833333333333,71.95833333333333,13.208333333333334
2016-02-19,22173,923.875,6.208333333333333,78.95833333333333,19.541666666666668
2016-02-20,10745,467.17391304347825,11.173913043478262,80.82608695652173,27.956521739130434
2016-02-21,14670,611.25,13.208333333333334,79.1875,30.791666666666668
2016-02-22,20463,852.625,9.041666666666666,73.27083333333333,16.916666666666668
2016-02-23,25657,1069.0416666666667,6.4375,68.04166666666667,10.895833333333334
2016-02-24,25481,1061.7083333333333,3.8333333333333335,69.47916666666667,4.770833333333333
2016-02-25,24174,1007.25,3.1458333333333335,69.27083333333333,8.583333333333334
2016-02-26,23580,982.5,3.9166666666666665,68.6875,11.520833333333334
2016-02-27,14745,614.375,4.875,62.979166666666664,17.770833333333332
2016-02-28,13451,560.4583333333334,5.0625,64.29166666666667,19.604166666666668
2016-02-29,23585,982.7083333333334,5.5,65.54166666666667,9.333333333333334
2016-03-01,20704,862.6666666666666,9.354166666666666,80.02083333333333,25.333333333333332
2016-03-02,20635,859.7916666666666,6.3125,72.1875,31.0
2016-03-03,24416,1017.3333333333334,7.020833333333333,67.64583333333333,21.791666666666668
2016-03-04,23970,998.75,6.083333333333333,65.875,16.854166666666668
2016-03-05,12215,508.9583333333333,3.7916666666666665,80.08333333333333,14.708333333333334
2016-03-06,12510,521.25,4.291666666666667,74.54166666666667,14.0
2016-03-07,22672,944.6666666666666,4.791666666666667,65.79166666666667,14.645833333333334
2016-03-08,23129,963.7083333333334,5.4375,71.39583333333333,15.0
2016-03-09,19142,797.5833333333334,8.020833333333334,86.83333333333333,17.0
2016-03-10,23504,979.3333333333334,6.791666666666667,83.39583333333333,7.520833333333333
2016-03-11,20893,870.5416666666666,5.104166666666667,83.1875,7.208333333333333
2016-03-12,21573,898.875,6.9375,82.1875,6.229166666666667
2016-03-13,21687,903.625,5.333333333333333,81.91666666666667,14.666666666666666
2016-03-14,25448,1060.3333333333333,6.6875,68.58333333333333,20.979166666666668
2016-03-15,25224,1051.0,6.395833333333333,84.75,12.6875
2016-03-16,25322,1055.0833333333333,7.291666666666667,73.85416666666667,22.083333333333332
2016-03-17,27060,1127.5,6.416666666666667,70.79166666666667,12.166666666666666
2016-03-18,23047,960.2916666666666,5.666666666666667,81.5,12.354166666666666
2016-03-19,17903,745.9583333333334,7.208333333333333,72.0,16.1875
2016-03-20,17043,710.125,7.916666666666667,71.95833333333333,12.791666666666666
2016-03-21,25852,1077.1666666666667,8.9375,68.6875,10.833333333333334
2016-03-22,29150,1214.5833333333333,8.666666666666666,65.0625,6.0
2016-03-23,26837,1118.2083333333333,8.8125,66.72916666666667,6.208333333333333
2016-03-24,19329,805.375,8.979166666666666,75.91666666666667,17.166666666666668
2016-03-25,25236,1051.5,10.6875,66.39583333333333,14.125
2016-03-26,10053,529.1052631578947,10.81578947368421,79.6842105263158,22.57894736842105
2016-03-27,8123,580.2142857142857,9.714285714285714,72.75,29.5
2016-03-28,10216,425.6666666666667,8.875,72.70833333333333,34.625
2016-03-29,18814,783.9166666666666,8.5625,69.625,23.104166666666668
2016-03-30,26516,1104.8333333333333,9.270833333333334,66.14583333333333,17.729166666666668
2016-03-31,28304,1179.3333333333333,8.791666666666666,63.145833333333336,10.666666666666666
2016-04-01,27137,1130.7083333333333,8.520833333333334,66.5,11.166666666666666
2016-04-02,24367,1015.2916666666666,10.729166666666666,62.125,14.833333333333334
2016-04-03,24941,1039.2083333333333,11.5625,77.54166666666667,11.3125
2016-04-04,25109,1046.2083333333333,11.083333333333334,77.52083333333333,13.583333333333334
2016-04-05,30575,1273.9583333333333,11.583333333333334,65.70833333333333,14.916666666666666
2016-04-06,24002,1000.0833333333334,9.5,65.8125,26.4375
2016-04-07,18358,798.1739130434783,7.934782608695652,75.02173913043478,21.08695652173913
2016-04-08,27191,1132.9583333333333,9.583333333333334,72.41666666666667,11.1875
2016-04-09,19704,821.0,8.979166666666666,70.6875,15.833333333333334
2016-04-10,23418,975.75,8.291666666666666,67.08333333333333,20.375
2016-04-11,24010,1000.4166666666666,11.895833333333334,78.625,16.041666666666668
2016-04-12,30745,1281.0416666666667,12.166666666666666,66.5,12.895833333333334
2016-04-13,31762,1323.4166666666667,12.5625,58.916666666666664,7.020833333333333
2016-04-14,30611,1275.4583333333333,13.166666666666666,61.479166666666664,9.958333333333334
2016-04-15,15761,656.7083333333334,10.604166666666666,86.14583333333333,9.270833333333334
2016-04-16,17571,732.125,7.041666666666667,72.875,15.75
2016-04-17,26885,1120.2083333333333,7.583333333333333,59.083333333333336,8.645833333333334
2016-04-18,28220,1175.8333333333333,9.520833333333334,60.8125,17.083333333333332
2016-04-19,33342,1389.25,11.291666666666666,61.541666666666664,12.854166666666666
2016-04-20,34197,1424.875,9.125,72.27083333333333,19.125
2016-04-21,31612,1317.1666666666667,10.625,67.3125,20.1875
2016-04-22,20342,847.5833333333334,9.125,74.16666666666667,19.479166666666668
2016-04-23,21762,906.75,7.604166666666667,64.54166666666667,13.6875
2016-04-24,18597,774.875,7.270833333333333,65.54166666666667,12.854166666666666
2016-04-25,24149,1006.2083333333334,8.041666666666666,74.20833333333333,18.270833333333332
2016-04-26,27628,1151.1666666666667,6.291666666666667,61.625,20.9375
2016-04-27,28157,1173.2083333333333,6.5625,63.270833333333336,13.75
2016-04-28,28609,1192.0416666666667,7.9375,64.1875,16.958333333333332
2016-04-29,25385,1057.7083333333333,8.583333333333334,60.4375,24.229166666666668
2016-04-30,24698,1029.0833333333333,9.083333333333334,55.979166666666664,12.270833333333334
2016-05-01,29249,1218.7083333333333,11.0,58.291666666666664,12.4375
2016-05-02,19428,809.5,12.708333333333334,76.125,20.770833333333332
2016-05-03,31962,1331.75,11.708333333333334,54.375,14.645833333333334
2016-05-04,36182,1507.5833333333333,13.270833333333334,46.916666666666664,11.0625
2016-05-05,38684,1611.8333333333333,14.125,51.0,14.479166666666666
2016-05-06,39589,1649.5416666666667,15.0625,62.770833333333336,13.395833333333334
2016-05-07,43819,1825.7916666666667,17.4375,63.354166666666664,13.3125
2016-05-08,44758,1864.9166666666667,19.25,57.145833333333336,15.5625
2016-05-09,30507,1271.125,17.708333333333332,65.72916666666667,16.145833333333332
2016-05-10,21452,893.8333333333334,15.833333333333334,91.10416666666667,14.958333333333334
2016-05-11,27574,1148.9166666666667,16.083333333333332,91.35416666666667,9.958333333333334
2016-05-12,38082,1586.75,17.708333333333332,69.8125,15.666666666666666
2016-05-13,34706,1446.0833333333333,13.375,73.95833333333333,18.291666666666668
2016-05-14,30046,1251.9166666666667,10.291666666666666,56.75,14.25
2016-05-15,34302,1429.25,12.1875,58.270833333333336,12.395833333333334
2016-05-16,37045,1543.5416666666667,14.166666666666666,62.1875,8.979166666666666
2016-05-17,36445,1518.5416666666667,14.458333333333334,61.979166666666664,15.604166666666666
2016-05-18,24111,1004.625,12.916666666666666,79.97916666666667,15.229166666666666
2016-05-19,34267,1427.7916666666667,14.145833333333334,73.79166666666667,16.104166666666668
2016-05-20,35674,1486.4166666666667,15.979166666666666,67.0,20.229166666666668
2016-05-21,26373,1098.875,15.9375,74.0625,19.25
2016-05-22,30628,1276.1666666666667,15.166666666666666,67.47916666666667,9.416666666666666
2016-05-23,35067,1461.125,15.145833333333334,61.604166666666664,15.166666666666666
2016-05-24,36184,1507.6666666666667,12.9375,63.770833333333336,15.270833333333334
2016-05-25,31614,1317.25,11.083333333333334,73.79166666666667,11.3125
2016-05-26,37113,1546.375,14.354166666666666,68.72916666666667,9.833333333333334
2016-05-27,35708,1487.8333333333333,15.104166666666666,71.5,15.604166666666666
2016-05-28,30831,1284.625,14.354166666666666,77.33333333333333,11.270833333333334
2016-05-29,30760,1281.6666666666667,13.875,76.91666666666667,14.25
2016-05-30,23697,987.375,14.416666666666666,75.25,19.9375
2016-05-31,16078,669.9166666666666,12.5,84.97916666666667,23.604166666666668
2016-06-01,26871,1119.625,12.75,89.25,17.583333333333332
2016-06-02,28901,1204.2083333333333,11.375,83.25,20.020833333333332
2016-06-03,29254,1218.9166666666667,11.291666666666666,84.89583333333333,12.270833333333334
2016-06-04,29697,1237.375,15.145833333333334,87.14583333333333,8.604166666666666
2016-06-05,40229,1676.2083333333333,16.416666666666668,79.14583333333333,12.0
2016-06-06,39050,1627.0833333333333,15.895833333333334,70.16666666666667,14.333333333333334
2016-06-07,34676,1444.8333333333333,17.5,72.20833333333333,8.458333333333334
2016-06-08,34196,1424.8333333333333,18.479166666666668,73.29166666666667,7.375
2016-06-09,41165,1715.2083333333333,15.604166666666666,75.375,11.354166666666666
2016-06-10,39637,1651.5416666666667,17.645833333333332,64.22916666666667,10.020833333333334
2016-06-11,28628,1192.8333333333333,18.166666666666668,73.5,7.0625
2016-06-12,17841,743.375,17.208333333333332,81.58333333333333,11.541666666666666
2016-06-13,27293,1137.2083333333333,16.6875,81.25,15.3125
2016-06-14,29852,1243.8333333333333,16.166666666666668,81.125,16.875
2016-06-15,37311,1554.625,16.479166666666668,68.14583333333333,15.916666666666666
2016-06-16,31110,1296.25,16.020833333333332,75.5625,10.645833333333334
2016-06-17,31641,1318.375,15.520833333333334,80.89583333333333,10.0
2016-06-18,29226,1217.75,14.895833333333334,76.1875,11.208333333333334
2016-06-19,30954,1289.75,16.958333333333332,72.6875,16.375
2016-06-20,22057,919.0416666666666,18.0625,80.6875,20.375
2016-06-21,38551,1606.2916666666667,18.770833333333332,65.66666666666667,16.125
2016-06-22,36226,1509.4166666666667,19.145833333333332,78.91666666666667,11.270833333333334
2016-06-23,24852,1035.5,19.9375,89.95833333333333,10.604166666666666
2016-06-24,18380,2042.2222222222222,19.444444444444443,59.0,21.666666666666668
2016-06-25,25939,1080.7916666666667,16.0625,73.45833333333333,13.5625
2016-06-26,29112,1213.0,16.604166666666668,71.14583333333333,19.270833333333332
2016-06-27,33299,1387.4583333333333,18.0625,68.95833333333333,16.041666666666668
2016-06-28,31288,1303.6666666666667,16.604166666666668,63.041666666666664,12.270833333333334
2016-06-29,31210,1300.4166666666667,15.4375,78.27083333333333,23.020833333333332
2016-06-30,35432,1476.3333333333333,17.25,74.0625,18.416666666666668
2016-07-01,27730,1155.4166666666667,16.770833333333332,73.29166666666667,22.270833333333332
2016-07-02,30322,1263.4166666666667,15.479166666666666,65.8125,23.75
2016-07-03,33668,1402.8333333333333,16.854166666666668,65.64583333333333,14.4375
2016-07-04,37221,1550.875,17.458333333333332,71.9375,15.520833333333334
2016-07-05,40463,1685.9583333333333,18.041666666666668,63.354166666666664,19.479166666666668
2016-07-06,42412,1767.1666666666667,17.729166666666668,53.541666666666664,9.604166666666666
2016-07-07,39157,1631.5416666666667,19.333333333333332,59.895833333333336,14.375
2016-07-08,36842,1535.0833333333333,19.625,66.1875,23.125
2016-07-09,33968,1415.3333333333333,20.125,67.75,19.75
2016-07-10,29135,1213.9583333333333,19.416666666666668,72.29166666666667,22.604166666666668
2016-07-11,32420,1350.8333333333333,18.041666666666668,73.6875,22.0
2016-07-12,29869,1244.5416666666667,15.708333333333334,78.5,15.395833333333334
2016-07-13,35691,1487.125,15.479166666666666,70.4375,15.145833333333334
2016-07-14,39923,1663.4583333333333,17.208333333333332,59.104166666666664,13.458333333333334
2016-07-15,36601,1525.0416666666667,17.395833333333332,69.54166666666667,16.708333333333332
2016-07-16,38349,1597.875,21.645833333333332,69.875,20.666666666666668
2016-07-17,37769,1573.7083333333333,22.979166666666668,67.25,17.854166666666668
2016-07-18,43195,1799.7916666666667,23.5,58.520833333333336,8.3125
2016-07-19,46021,1917.5416666666667,24.645833333333332,62.604166666666664,14.458333333333334
2016-07-20,44664,1861.0,24.979166666666668,59.0,19.041666666666668
2016-07-21,41272,1719.6666666666667,20.8125,61.875,11.104166666666666
2016-07-22,35996,1499.8333333333333,21.125,66.91666666666667,8.9375
2016-07-23,41466,1727.75,22.125,64.33333333333333,9.979166666666666
2016-07-24,38553,1606.375,20.770833333333332,67.5,16.625
2016-07-25,40577,1690.7083333333333,20.4375,58.916666666666664,18.416666666666668
2016-07-26,42021,1750.875,19.75,61.208333333333336,14.145833333333334
2016-07-27,33339,1389.125,20.458333333333332,71.83333333333333,16.958333333333332
2016-07-28,31244,1420.1818181818182,19.045454545454547,66.0,12.045454545454545
2016-07-29,35353,1473.0416666666667,19.895833333333332,72.22916666666667,17.708333333333332
2016-07-30,45608,1900.3333333333333,19.520833333333332,63.270833333333336,10.458333333333334
2016-07-31,44678,1942.5217391304348,18.804347826086957,55.47826086956522,10.73913043478261
2016-08-01,29749,1239.5416666666667,16.8125,67.875,12.583333333333334
2016-08-02,28593,1191.375,18.854166666666668,86.77083333333333,17.3125
2016-08-03,40268,1677.8333333333333,20.666666666666668,67.64583333333333,24.708333333333332
2016-08-04,39082,1628.4166666666667,19.229166666666668,62.958333333333336,23.833333333333332
2016-08-05,35991,1564.8260869565217,19.67391304347826,62.369565217391305,16.0
2016-08-06,41885,1745.2083333333333,20.5,58.729166666666664,14.354166666666666
2016-08-07,38076,1586.5,21.645833333333332,64.6875,24.4375
2016-08-08,37769,1573.7083333333333,18.354166666666668,54.333333333333336,21.416666666666668
2016-08-09,39514,1646.4166666666667,16.75,52.208333333333336,16.354166666666668
2016-08-10,38430,1601.25,16.229166666666668,59.104166666666664,14.4375
2016-08-11,37626,1567.75,18.979166666666668,64.75,20.333333333333332
2016-08-12,40159,1673.2916666666667,21.020833333333332,61.625,21.208333333333332
2016-08-13,43041,1793.375,20.3125,61.729166666666664,19.520833333333332
2016-08-14,43848,1827.0,19.25,53.9375,9.166666666666666
2016-08-15,40236,1749.391304347826,18.23913043478261,64.82608695652173,14.695652173913043
2016-08-16,38911,1768.6818181818182,18.022727272727273,68.5909090909091,14.045454545454545
2016-08-17,42439,1768.2916666666667,19.229166666666668,66.27083333333333,12.270833333333334
2016-08-18,38983,1624.2916666666667,19.4375,69.08333333333333,13.25
2016-08-19,25593,1066.375,17.854166666666668,83.66666666666667,12.541666666666666
2016-08-20,24371,1015.4583333333334,17.9375,70.08333333333333,26.229166666666668
2016-08-21,28219,1175.7916666666667,18.645833333333332,68.4375,26.291666666666668
2016-08-22,35693,1487.2083333333333,20.75,68.66666666666667,20.3125
2016-08-23,42060,1752.5,23.145833333333332,59.979166666666664,10.291666666666666
2016-08-24,40664,1694.3333333333333,25.479166666666668,60.104166666666664,6.8125
2016-08-25,37742,1572.5833333333333,23.979166666666668,66.97916666666667,8.3125
2016-08-26,37697,1570.7083333333333,23.1875,56.125,10.166666666666666
2016-08-27,32188,1341.1666666666667,21.25,69.25,15.208333333333334
2016-08-28,25849,1077.0416666666667,20.020833333333332,74.5625,18.229166666666668
2016-08-29,34176,1424.0,19.479166666666668,65.375,8.333333333333334
2016-08-30,39473,1644.7083333333333,20.791666666666668,54.833333333333336,8.645833333333334
2016-08-31,38989,1624.5416666666667,19.8125,63.125,15.333333333333334
2016-09-01,39270,1707.391304347826,19.347826086956523,62.21739130434783,13.76086956521739
2016-09-02,0,,,,
2016-09-03,15265,1272.0833333333333,19.416666666666668,75.41666666666667,21.916666666666668
2016-09-04,27512,1146.3333333333333,18.854166666666668,69.85416666666667,23.395833333333332
2016-09-05,27873,1161.375,19.020833333333332,82.52083333333333,9.4375
2016-09-06,37629,1567.875,22.1875,79.29166666666667,10.333333333333334
2016-09-07,39816,1659.0,22.5625,66.91666666666667,9.5625
2016-09-08,40555,1689.7916666666667,20.1875,62.270833333333336,19.291666666666668
2016-09-09,36151,1506.2916666666667,19.541666666666668,72.625,17.541666666666668
2016-09-10,17080,711.6666666666666,19.166666666666668,80.5,16.333333333333332
2016-09-11,39403,1641.7916666666667,16.854166666666668,63.854166666666664,9.041666666666666
2016-09-12,39261,1635.875,20.541666666666668,65.125,11.541666666666666
2016-09-13,43573,1815.5416666666667,24.791666666666668,62.166666666666664,13.520833333333334
2016-09-14,44478,1853.25,23.458333333333332,63.270833333333336,10.4375
2016-09-15,42135,1755.625,22.604166666666668,66.83333333333333,9.979166666666666
2016-09-16,21967,915.2916666666666,17.333333333333332,79.1875,17.333333333333332
2016-09-17,27182,1132.5833333333333,15.375,80.6875,19.875
2016-09-18,29463,1227.625,17.104166666666668,78.1875,7.75
2016-09-19,33109,1379.5416666666667,18.104166666666668,70.10416666666667,7.333333333333333
2016-09-20,37292,1553.8333333333333,16.833333333333332,78.41666666666667,6.416666666666667
2016-09-21,40267,1677.7916666666667,18.104166666666668,70.25,9.354166666666666
2016-09-22,38043,1585.125,17.416666666666668,71.33333333333333,11.604166666666666
2016-09-23,38528,1605.3333333333333,15.729166666666666,59.4375,10.375
2016-09-24,35786,1491.0833333333333,18.791666666666668,62.020833333333336,15.75
2016-09-25,29663,1235.9583333333333,17.6875,62.25,19.875
2016-09-26,34774,1448.9166666666667,15.375,69.10416666666667,10.479166666666666
2016-09-27,35751,1489.625,17.104166666666668,75.875,15.625
2016-09-28,38529,1605.375,17.9375,75.35416666666667,21.25
2016-09-29,34511,1437.9583333333333,17.645833333333332,69.5625,24.791666666666668
2016-09-30,33753,1406.375,15.3125,66.58333333333333,16.791666666666668
2016-10-01,17593,733.0416666666666,13.020833333333334,81.6875,9.0
2016-10-02,27022,1125.9166666666667,13.208333333333334,71.85416666666667,13.5625
2016-10-03,35582,1482.5833333333333,13.208333333333334,69.0625,6.479166666666667
2016-10-04,36807,1533.625,14.770833333333334,77.72916666666667,20.5625
2016-10-05,35993,1499.7083333333333,14.270833333333334,62.6875,28.708333333333332
2016-10-06,35005,1458.5416666666667,13.270833333333334,59.416666666666664,19.354166666666668
2016-10-07,33050,1377.0833333333333,13.958333333333334,73.70833333333333,11.041666666666666
2016-10-08,26884,1120.1666666666667,14.0,77.14583333333333,8.979166666666666
2016-10-09,25082,1045.0833333333333,12.104166666666666,72.02083333333333,10.104166666666666
2016-10-10,32760,1365.0,10.4375,75.625,9.166666666666666
2016-10-11,34914,1454.75,10.875,75.22916666666667,7.916666666666667
2016-10-12,32282,1345.0833333333333,12.5625,76.83333333333333,13.666666666666666
2016-10-13,30587,1274.4583333333333,11.25,77.45833333333333,17.354166666666668
2016-10-14,32324,1346.8333333333333,12.0,74.64583333333333,11.270833333333334
2016-10-15,23488,978.6666666666666,13.208333333333334,78.25,8.75
2016-10-16,18527,771.9583333333334,13.916666666666666,82.875,14.4375
2016-10-17,28734,1197.25,14.229166666666666,76.1875,14.333333333333334
2016-10-18,32771,1365.4583333333333,12.125,68.75,24.104166666666668
2016-10-19,33673,1403.0416666666667,11.958333333333334,69.95833333333333,18.625
2016-10-20,32344,1347.6666666666667,11.875,77.97916666666667,13.979166666666666
2016-10-21,30567,1273.625,11.0625,81.79166666666667,12.5625
2016-10-22,26020,1084.1666666666667,10.5,79.60416666666667,8.3125
2016-10-23,23553,981.375,10.270833333333334,78.52083333333333,13.333333333333334
2016-10-24,30053,1252.2083333333333,11.666666666666666,74.70833333333333,11.166666666666666
2016-10-25,32992,1374.6666666666667,11.833333333333334,79.0625,5.1875
2016-10-26,34010,1417.0833333333333,13.479166666666666,81.79166666666667,11.8125
2016-10-27,33888,1412.0,12.854166666666666,79.64583333333333,17.020833333333332
2016-10-28,33420,1392.5,14.5625,74.77083333333333,13.5
2016-10-29,27785,1157.7083333333333,14.270833333333334,84.04166666666667,3.0833333333333335
2016-10-30,23535,1023.2608695652174,11.144927536231886,94.17391304347827,5.094202898550725
2016-10-31,34461,1435.875,12.708333333333334,89.29166666666667,6.4375
2016-11-01,32054,1335.5833333333333,10.458333333333334,86.5625,8.583333333333334
2016-11-02,32038,1334.9166666666667,8.0,70.29166666666667,9.979166666666666
2016-11-03,30891,1287.125,7.916666666666667,72.02083333333333,9.875
2016-11-04,21932,913.8333333333334,9.4375,79.875,9.229166666666666
2016-11-05,19420,809.1666666666666,7.041666666666667,74.8125,17.104166666666668
2016-11-06,13406,558.5833333333334,5.645833333333333,73.875,19.0
2016-11-07,17193,716.375,6.770833333333333,76.5625,16.770833333333332
2016-11-08,26147,1089.4583333333333,4.75,73.95833333333333,11.104166666666666
2016-11-09,18700,779.1666666666666,7.645833333333333,85.29166666666667,18.875
2016-11-10,25830,1076.25,8.083333333333334,78.70833333333333,18.041666666666668
2016-11-11,27814,1158.9166666666667,7.333333333333333,74.27083333333333,9.479166666666666
2016-11-12,8990,390.8695652173913,9.304347826086957,85.91304347826087,10.76086956521739
2016-11-13,19044,793.5,8.645833333333334,83.52083333333333,8.333333333333334
2016-11-14,24618,1025.75,10.770833333333334,85.25,14.125
2016-11-15,28498,1187.4166666666667,14.270833333333334,87.5625,16.833333333333332
2016-11-16,27439,1143.2916666666667,13.083333333333334,79.83333333333333,22.6875
2016-11-17,27462,1144.25,10.083333333333334,70.58333333333333,22.583333333333332
2016-11-18,26594,1108.0833333333333,6.270833333333333,71.83333333333333,19.083333333333332
2016-11-19,18069,752.875,5.708333333333333,79.70833333333333,16.791666666666668
2016-11-20,10613,442.2083333333333,7.6875,85.0,20.458333333333332
2016-11-21,19230,801.25,9.979166666666666,86.41666666666667,16.729166666666668
2016-11-22,27422,1142.5833333333333,10.4375,75.35416666666667,19.916666666666668
2016-11-23,28768,1198.6666666666667,9.041666666666666,84.14583333333333,10.8125
2016-11-24,27941,1164.2083333333333,10.083333333333334,77.27083333333333,22.104166666666668
2016-11-25,27413,1142.2083333333333,8.208333333333334,70.3125,16.020833333333332
2016-11-26,19581,815.875,6.333333333333333,85.5,7.833333333333333
2016-11-27,15446,643.5833333333334,7.541666666666667,77.75,10.729166666666666
2016-11-28,26765,1115.2083333333333,6.791666666666667,64.64583333333333,16.479166666666668
2016-11-29,27607,1150.2916666666667,3.0625,76.625,6.833333333333333
2016-11-30,26934,1122.25,2.7916666666666665,73.58333333333333,10.75
2016-12-01,26245,1093.5416666666667,4.395833333333333,72.95833333333333,12.458333333333334
2016-12-02,25991,1082.9583333333333,6.875,85.08333333333333,6.583333333333333
2016-12-03,17898,745.75,6.5625,75.91666666666667,13.354166666666666
2016-12-04,15267,636.125,4.666666666666667,78.02083333333333,13.854166666666666
2016-12-05,26231,1092.9583333333333,3.625,90.5,7.0
2016-12-06,28095,1170.625,7.25,93.625,6.5
2016-12-07,29424,1226.0,12.104166666666666,83.5625,12.791666666666666
2016-12-08,28366,1181.9166666666667,12.791666666666666,83.47916666666667,16.3125
2016-12-09,29714,1238.0833333333333,13.125,85.41666666666667,14.3125
2016-12-10,14832,618.0,12.3125,89.1875,15.104166666666666
2016-12-11,17450,727.0833333333334,8.0,86.58333333333333,15.270833333333334
2016-12-12,25275,1053.125,8.291666666666666,91.45833333333333,10.5625
2016-12-13,26520,1105.0,11.625,90.75,9.958333333333334
2016-12-14,28861,1202.5416666666667,10.291666666666666,85.16666666666667,9.854166666666666
2016-12-15,28195,1174.7916666666667,9.0,89.54166666666667,11.75
2016-12-16,27621,1150.875,9.541666666666666,89.95833333333333,8.041666666666666
2016-12-17,17238,718.25,7.416666666666667,95.9375,6.208333333333333
2016-12-18,14970,623.75,8.145833333333334,90.72916666666667,6.520833333333333
2016-12-19,23535,980.625,7.1875,88.39583333333333,7.458333333333333
2016-12-20,24864,1036.0,6.208333333333333,80.02083333333333,11.208333333333334
2016-12-21,23136,964.0,10.3125,83.33333333333333,17.166666666666668
2016-12-22,21461,894.2083333333334,8.291666666666666,80.10416666666667,12.604166666666666
2016-12-23,14409,600.375,9.916666666666666,84.66666666666667,21.291666666666668
2016-12-24,7890,328.75,9.020833333333334,75.35416666666667,24.895833333333332
2016-12-25,36653,1527.2083333333333,12.5,79.41666666666667,27.666666666666668
2016-12-26,11455,477.2916666666667,8.354166666666666,70.54166666666667,22.020833333333332
2016-12-27,10842,451.75,4.1875,81.91666666666667,7.5
2016-12-28,12428,517.8333333333334,2.1666666666666665,97.22916666666667,7.395833333333333
2016-12-29,14052,585.5,3.7708333333333335,89.97916666666667,6.0625
2016-12-30,11566,481.9166666666667,3.2708333333333335,98.6875,9.0
2016-12-31,11424,476.0,7.4375,90.95833333333333,13.3125
2017-01-01,6421,267.5416666666667,7.0,88.4375,14.125
2017-01-02,11823,492.625,3.7291666666666665,83.14583333333333,11.166666666666666
2017-01-03,19436,809.8333333333334,3.3958333333333335,81.39583333333333,18.9375
